{"data":"{\"year\": \"2018\", \"region_code\": \"77\", \"region_name\": \"Чукотский автономный округ\", \"month_first\": 1, \"month_last\": 4, \"cards\": [{\"KartId\": 209141783, \"rowNum\": 1, \"date\": \"04.03.2018\", \"Time\": \"23:10\", \"District\": \"Чукотский район\", \"DTP_V\": \"Наезд на пешехода\", \"POG\": 0, \"RAN\": 1, \"K_TS\": 1, \"K_UCH\": 2, \"infoDtp\": {\"ndu\": [\"Не установлены\"], \"sdor\": [\"Перегон (нет объектов на месте ДТП)\"], \"ts_info\": [{\"n_ts\": \"1\", \"ts_s\": \"Нет\", \"t_ts\": \"Снегоходы\", \"marka_ts\": \"Прочие марки мотоциклов\", \"m_ts\": \"Прочие марки мотоциклов\", \"color\": \"Иные цвета\", \"r_rul\": \"Иной\", \"g_v\": \"1999\", \"m_pov\": \"\", \"t_n\": \"Технические неисправности отсутствуют\", \"f_sob\": \"Частная собственность\", \"o_pf\": \"Физические лица\", \"ts_uch\": [{\"K_UCH\": \"Водитель\", \"NPDD\": [\"Другие нарушения ПДД водителем\"], \"S_T\": \"Не пострадал\", \"POL\": \"Мужской\", \"V_ST\": \"95\", \"ALCO\": \"\", \"SOP_NPDD\": [\"Управление ТС лицом, не имеющим права на управление ТС\"], \"SAFETY_BELT\": \"Нет\", \"S_SM\": \"Нет (не скрывался)\", \"N_UCH\": \"1\", \"S_SEAT_GROUP\": \"\", \"INJURED_CARD_ID\": \"\"}]}], \"n_p\": \"с Нешкан\", \"street\": \"\", \"house\": \"\", \"dor\": \"\", \"km\": \"0\", \"m\": \"0\", \"k_ul\": \"Иные места\", \"dor_k\": \"\", \"dor_z\": \"Не указано\", \"factor\": [\"Сведения отсутствуют\"], \"s_pog\": [\"Снегопад\"], \"s_pch\": \"Со снежным накатом\", \"osv\": \"В темное время суток, освещение отсутствует\", \"change_org_motion\": \"Режим движения не изменялся\", \"s_dtp\": \"890\", \"COORD_W\": \"67.037069\", \"COORD_L\": \"-172.9634\", \"OBJ_DTP\": [\"Отсутствие в непосредственной близости объектов УДС и объектов притяжения\"], \"uchInfo\": [{\"K_UCH\": \"Пешеход\", \"NPDD\": [\"Нет нарушений\"], \"S_T\": \"Раненый, находящийся (находившийся)  на амбулаторном лечении, либо которому по характеру полученных травм обозначена необходимость амбулаторного лечения (вне зависимости от его фактического прохождения)\", \"POL\": \"Женский\", \"V_ST\": \"\", \"ALCO\": \"\", \"SOP_NPDD\": [\"Нет нарушений\"], \"S_SM\": \"Нет (не скрывался)\", \"N_UCH\": \"2\"}]}}, {\"KartId\": 209077793, \"rowNum\": 1, \"date\": \"04.03.2018\", \"Time\": \"08:00\", \"District\": \"Анадырский район\", \"DTP_V\": \"Иной вид ДТП\", \"POG\": 0, \"RAN\": 1, \"K_TS\": 2, \"K_UCH\": 3, \"infoDtp\": {\"ndu\": [\"Не установлены\"], \"sdor\": [\"Перегон (нет объектов на месте ДТП)\"], \"ts_info\": [{\"n_ts\": \"1\", \"ts_s\": \"до 1 сут.\", \"t_ts\": \"Иные ТС\", \"marka_ts\": \"Прочие марки ТС\", \"m_ts\": \"Прочие марки и модели ТС\", \"color\": \"Синий\", \"r_rul\": \"Иной\", \"g_v\": \"2002\", \"m_pov\": \"\", \"t_n\": \"Технические неисправности отсутствуют\", \"f_sob\": \"Частная собственность\", \"o_pf\": \"Физические лица\", \"ts_uch\": [{\"K_UCH\": \"Водитель\", \"NPDD\": [\"Несоответствие скорости конкретным условиям движения\"], \"S_T\": \"Получил травмы с оказанием разовой медицинской помощи, к категории раненый не относится\", \"POL\": \"Мужской\", \"V_ST\": \"95\", \"ALCO\": \"07\", \"SOP_NPDD\": [\"Управление ТС лицом, не имеющим права на управление ТС\", \"Оставление места ДТП\", \"Эксплуатация незарегистрированного ТС\", \"Употребление водителем алкогольных напитков, наркотических, психотропных или иных одурманивающих веществ после дорожно-транспортного происшествия, к которому он причастен, до проведения освидетельствования с целью установления состояния опьянения или до принятия решения об освобождении от проведения такого освидетельствовани\"], \"SAFETY_BELT\": \"Да\", \"S_SM\": \"Скрылся, впоследствии разыскан (установлен)\", \"N_UCH\": \"3\", \"S_SEAT_GROUP\": \"\", \"INJURED_CARD_ID\": \"\"}]}, {\"n_ts\": \"2\", \"ts_s\": \"Да\", \"t_ts\": \"Прицепы прочие\", \"marka_ts\": \"Прочие марки ТС\", \"m_ts\": \"Прочие марки и модели ТС\", \"color\": \"Коричневый\", \"r_rul\": \"\", \"g_v\": \"\", \"m_pov\": \"\", \"t_n\": \"Технические неисправности отсутствуют\", \"f_sob\": \"\", \"o_pf\": \"\", \"ts_uch\": [{\"K_UCH\": \"Пассажир\", \"NPDD\": [\"Нет нарушений\"], \"S_T\": \"Не пострадал\", \"POL\": \"Женский\", \"V_ST\": \"\", \"ALCO\": \"\", \"SOP_NPDD\": [\"Нет нарушений\"], \"SAFETY_BELT\": \"Нет\", \"S_SM\": \"Нет (не скрывался)\", \"N_UCH\": \"2\", \"S_SEAT_GROUP\": \"\", \"INJURED_CARD_ID\": \"\"}, {\"K_UCH\": \"Пассажир\", \"NPDD\": [\"Нет нарушений\"], \"S_T\": \"Раненый, находящийся (находившийся) на стационарном лечении\", \"POL\": \"Женский\", \"V_ST\": \"\", \"ALCO\": \"\", \"SOP_NPDD\": [\"Нет нарушений\"], \"SAFETY_BELT\": \"Нет\", \"S_SM\": \"Нет (не скрывался)\", \"N_UCH\": \"1\", \"S_SEAT_GROUP\": \"\", \"INJURED_CARD_ID\": \"\"}]}], \"n_p\": \"пгт Беринговский\", \"street\": \"\", \"house\": \"\", \"dor\": \"\", \"km\": \"0\", \"m\": \"0\", \"k_ul\": \"Вне НП\", \"dor_k\": \"\", \"dor_z\": \"Другие места\", \"factor\": [\"Сведения отсутствуют\"], \"s_pog\": [\"Снегопад\", \"Метель\"], \"s_pch\": \"Заснеженное\", \"osv\": \"Светлое время суток\", \"change_org_motion\": \"Режим движения не изменялся\", \"s_dtp\": \"990\", \"COORD_W\": \"62.6956\", \"COORD_L\": \"179.2753\", \"OBJ_DTP\": [\"Отсутствие в непосредственной близости объектов УДС и объектов притяжения\"], \"uchInfo\": []}}, {\"KartId\": 208943234, \"rowNum\": 2, \"date\": \"12.02.2018\", \"Time\": \"19:35\", \"District\": \"Анадырский район\", \"DTP_V\": \"Съезд с дороги\", \"POG\": 0, \"RAN\": 1, \"K_TS\": 1, \"K_UCH\": 1, \"infoDtp\": {\"ndu\": [\"Недостатки зимнего содержания\", \"Отсутствие дорожных знаков в необходимых местах\", \"Отсутствие дорожных ограждений в необходимых местах\", \"Отсутствие направляющих устройств и световозвращающих элементов на них\"], \"sdor\": [\"Нерегулируемый перекрёсток неравнозначных улиц (дорог)\"], \"ts_info\": [{\"n_ts\": \"1\", \"ts_s\": \"Нет\", \"t_ts\": \"В-класс (малый) до 3,9 м\", \"marka_ts\": \"TOYOTA\", \"m_ts\": \"Прочие модели Toyota\", \"color\": \"Черный\", \"r_rul\": \"Иной\", \"g_v\": \"2004\", \"m_pov\": \"\", \"t_n\": \"Технические неисправности отсутствуют\", \"f_sob\": \"Частная собственность\", \"o_pf\": \"Физические лица\", \"ts_uch\": [{\"K_UCH\": \"Водитель\", \"NPDD\": [\"Несоответствие скорости конкретным условиям движения\"], \"S_T\": \"Раненый, находящийся (находившийся) на стационарном лечении\", \"POL\": \"Мужской\", \"V_ST\": \"22\", \"ALCO\": \"\", \"SOP_NPDD\": [\"Нет нарушений\"], \"SAFETY_BELT\": \"Нет\", \"S_SM\": \"Нет (не скрывался)\", \"N_UCH\": \"1\", \"S_SEAT_GROUP\": \"\", \"INJURED_CARD_ID\": \"\"}]}], \"n_p\": \"\", \"street\": \"\", \"house\": \"\", \"dor\": \"А-384 подъездная дорога от г. Анадыря к аэропорту Анадыря (Угольный)\", \"km\": \"22\", \"m\": \"250\", \"k_ul\": \"Вне НП\", \"dor_k\": \"6\", \"dor_z\": \"Федеральная (дорога федерального значения)\", \"factor\": [\"Сведения отсутствуют\"], \"s_pog\": [\"Ясно\"], \"s_pch\": \"Со снежным накатом\", \"osv\": \"В темное время суток, освещение отсутствует\", \"change_org_motion\": \"Режим движения не изменялся\", \"s_dtp\": \"610\", \"COORD_W\": \"64.75624\", \"COORD_L\": \"177.701694\", \"OBJ_DTP\": [\"Мост\"], \"uchInfo\": []}}, {\"KartId\": 208948280, \"rowNum\": 3, \"date\": \"12.02.2018\", \"Time\": \"15:20\", \"District\": \"Анадырский район\", \"DTP_V\": \"Опрокидывание\", \"POG\": 0, \"RAN\": 1, \"K_TS\": 1, \"K_UCH\": 4, \"infoDtp\": {\"ndu\": [\"Не установлены\"], \"sdor\": [\"Перегон (нет объектов на месте ДТП)\"], \"ts_info\": [{\"n_ts\": \"1\", \"ts_s\": \"Нет\", \"t_ts\": \"Прочие легковые автомобили\", \"marka_ts\": \"УАЗ\", \"m_ts\": \"УАЗ 3151, 31512, 31514, 31519 и модификации\", \"color\": \"Зеленый\", \"r_rul\": \"Полноприводный\", \"g_v\": \"2001\", \"m_pov\": \"\", \"t_n\": \"Технические неисправности отсутствуют\", \"f_sob\": \"Частная собственность\", \"o_pf\": \"Физические лица\", \"ts_uch\": [{\"K_UCH\": \"Пассажир\", \"NPDD\": [\"Нет нарушений\"], \"S_T\": \"Не пострадал\", \"POL\": \"Мужской\", \"V_ST\": \"\", \"ALCO\": \"\", \"SOP_NPDD\": [\"Нет нарушений\"], \"SAFETY_BELT\": \"Нет\", \"S_SM\": \"Нет (не скрывался)\", \"N_UCH\": \"3\", \"S_SEAT_GROUP\": \"\", \"INJURED_CARD_ID\": \"\"}, {\"K_UCH\": \"Пассажир\", \"NPDD\": [\"Нет нарушений\"], \"S_T\": \"Не пострадал\", \"POL\": \"Мужской\", \"V_ST\": \"\", \"ALCO\": \"\", \"SOP_NPDD\": [\"Нет нарушений\"], \"SAFETY_BELT\": \"Нет\", \"S_SM\": \"Нет (не скрывался)\", \"N_UCH\": \"4\", \"S_SEAT_GROUP\": \"\", \"INJURED_CARD_ID\": \"\"}, {\"K_UCH\": \"Пассажир\", \"NPDD\": [\"Нет нарушений\"], \"S_T\": \"Раненый, находящийся (находившийся)  на амбулаторном лечении, либо которому по характеру полученных травм обозначена необходимость амбулаторного лечения (вне зависимости от его фактического прохождения)\", \"POL\": \"Женский\", \"V_ST\": \"\", \"ALCO\": \"\", \"SOP_NPDD\": [\"Нет нарушений\"], \"SAFETY_BELT\": \"Нет\", \"S_SM\": \"Нет (не скрывался)\", \"N_UCH\": \"2\", \"S_SEAT_GROUP\": \"\", \"INJURED_CARD_ID\": \"\"}, {\"K_UCH\": \"Водитель\", \"NPDD\": [\"Нет нарушений\"], \"S_T\": \"Не пострадал\", \"POL\": \"Мужской\", \"V_ST\": \"29\", \"ALCO\": \"\", \"SOP_NPDD\": [\"Нет нарушений\"], \"SAFETY_BELT\": \"Нет\", \"S_SM\": \"Нет (не скрывался)\", \"N_UCH\": \"1\", \"S_SEAT_GROUP\": \"\", \"INJURED_CARD_ID\": \"\"}]}], \"n_p\": \"\", \"street\": \"\", \"house\": \"\", \"dor\": \"А-384 подъездная дорога от г. Анадыря к аэропорту Анадыря (Угольный)\", \"km\": \"18\", \"m\": \"500\", \"k_ul\": \"Вне НП\", \"dor_k\": \"6\", \"dor_z\": \"Федеральная (дорога федерального значения)\", \"factor\": [\"Сведения отсутствуют\"], \"s_pog\": [\"Ясно\"], \"s_pch\": \"Со снежным накатом\", \"osv\": \"Светлое время суток\", \"change_org_motion\": \"Режим движения не изменялся\", \"s_dtp\": \"950\", \"COORD_W\": \"64.76471\", \"COORD_L\": \"177.514455\", \"OBJ_DTP\": [\"Отсутствие в непосредственной близости объектов УДС и объектов притяжения\"], \"uchInfo\": []}}, {\"KartId\": 209055651, \"rowNum\": 1, \"date\": \"01.03.2018\", \"Time\": \"13:30\", \"District\": \"г.Анадырь\", \"DTP_V\": \"Наезд на пешехода\", \"POG\": 0, \"RAN\": 1, \"K_TS\": 1, \"K_UCH\": 2, \"infoDtp\": {\"ndu\": [\"Не установлены\"], \"sdor\": [\"Регулируемый пешеходный переход\"], \"ts_info\": [{\"n_ts\": \"1\", \"ts_s\": \"Да\", \"t_ts\": \"Прочие легковые автомобили\", \"marka_ts\": \"TOYOTA\", \"m_ts\": \"Noah\", \"color\": \"Многоцветный\", \"r_rul\": \"Полноприводный\", \"g_v\": \"1991\", \"m_pov\": \"\", \"t_n\": \"Технические неисправности отсутствуют\", \"f_sob\": \"Частная собственность\", \"o_pf\": \"Физические лица\", \"ts_uch\": [{\"K_UCH\": \"Водитель\", \"NPDD\": [\"Нарушение правил проезда пешеходного перехода\"], \"S_T\": \"Не пострадал\", \"POL\": \"Мужской\", \"V_ST\": \"5\", \"ALCO\": \"\", \"SOP_NPDD\": [\"Оставление места ДТП\"], \"SAFETY_BELT\": \"Нет\", \"S_SM\": \"Скрылся, впоследствии разыскан (установлен)\", \"N_UCH\": \"1\", \"S_SEAT_GROUP\": \"\", \"INJURED_CARD_ID\": \"\"}]}], \"n_p\": \"г Анадырь\", \"street\": \"ул Отке\", \"house\": \"44\", \"dor\": \"\", \"km\": \"\", \"m\": \"\", \"k_ul\": \"Магистральные улицы общегородского значения\", \"dor_k\": \"\", \"dor_z\": \"Местного значения (дороги местного значения, включая относящиеся к собственности поселений, муниципальных районов, городских округов)\", \"factor\": [\"Сведения отсутствуют\"], \"s_pog\": [\"Метель\", \"Ураганный ветер\"], \"s_pch\": \"Со снежным накатом\", \"osv\": \"Светлое время суток\", \"change_org_motion\": \"Режим движения не изменялся\", \"s_dtp\": \"730\", \"COORD_W\": \"64.7364\", \"COORD_L\": \"177.4925\", \"OBJ_DTP\": [\"Многоквартирные жилые дома\"], \"uchInfo\": [{\"K_UCH\": \"Пешеход\", \"NPDD\": [\"Нет нарушений\"], \"S_T\": \"Раненый, находящийся (находившийся)  на амбулаторном лечении, либо которому по характеру полученных травм обозначена необходимость амбулаторного лечения (вне зависимости от его фактического прохождения)\", \"POL\": \"Женский\", \"V_ST\": \"\", \"ALCO\": \"\", \"SOP_NPDD\": [\"Нет нарушений\"], \"S_SM\": \"Нет (не скрывался)\", \"N_UCH\": \"2\"}]}}]}"}